Nominative,Genitive,Gender,Declension,EnglishMeanings
abacus,abacī,m,II,abacus
abdōmen,abdōminis,n,III,"abdomen, belly"
aciēs,aciēī,f,V-long,battle line
actiō,actiōnis,f,III,"action, act of doing"
acus,acūs,m,IV,"needle, point"
adventus,adventūs,m,IV,arrival
aedifex,aedificis,u,III,builder
aedificium,aedificiī,n,II,building
aedīlis,aedīlis,u,III-i,commissioner of public works
aedis,aedis,f,III-i,"public building, temple"
aestās,aestātis,f,III,summer
aetās,aetātis,f,III,"age, era"
ager,agrī,m,II,"field, farmland"
agmen,agminis,n,III,"marching column, train"
agricola,agricolae,u,I,farmer
āla,ālae,f,I,wing
alauda,alaudae,u,I,lark
alcēs,alcis,u,III-i,elk
alumna,alumnae,f,I,foster daughter
alumnus,alumnī,m,II,foster son
amīca,amīcae,f,I,friend (f.)
amīcitia,amīcitiae,f,I,friendship
amīcus,amīcī,m,II,friend (m.)
amor,amōris,m,III,love
amphitheātrum,amphitheātrī,n,II,amphitheatre
anās,anātis,u,III,duck
angustia,angustiae,f,I,narrowness
angustiae,angustiārum,f,I,"difficulty, dire straits"
animal,animalis,n,III-i,animal
annus,annī,m,II,year
anser,anseris,u,III,goose
antīquitās,antīquitātis,f,III,antiquity
apertūra,apertūrae,f,I,opening
apparātus,apparātūs,m,IV,"apparatus, equipment"
appellātiō,appellātiōnis,f,III,"appellation, act of naming"
arbiter,arbitrī,u,II,"judge, mediator"
arbor,arboris,f,III,tree
arcus,arcūs,m,IV,"bow, rainbow, arch"
arēna,arēnae,f,I,"arena, sand"
ariēs,ariētis,m,III,"ram, battering ram"
ārs,artis,f,III-i,"art, skill"
artēria,artēriae,f,I,artery
asina,asinae,f,I,"ass, donkey (f.)"
asinus,asinī,m,II,"ass, donkey (m.)"
ātrium,atriī,n,II,"atrium, open-air living room"
auctiō,auctiōnis,f,III,"auction, act of increasing"
auctor,auctōris,u,III,author
auctōritās,auctōritātis,f,III,authority
audācia,audāciae,f,I,"boldness, audacity, temerity"
auditiō,auditiōnis,f,III,"audition, act of hearing"
augur,auguris,u,III,"priest, diviner, watcher of birds in flight"
aurīga,aurīgae,u,I,charioteer
auris,auris,f,III-i,ear
auspex,auspicis,u,III,"priest, examiner of birds' entrails"
Auster,Austrī,m,II,"south, south wind"
autumnus,autumnī,m,II,autumn
auxilia,auxiliōrum,n,II,reinforcements
auxilium,auxiliī,n,II,"help, aid"
avis,avis,u,III-i,bird
ballista,ballistae,f,I,"artillery, rock hurler"
barba,barbae,f,I,beard
bellum,bellī,n,II,war
beneficium,beneficiī,n,II,benefit
benīgnitās,benīgnitātis,f,III,kindness
blanditia,blanditiae,f,I,flattery
bonitās,bonitātis,f,III,goodness
Boreās,Borea,m,I,"north, north wind"
bōs,bōvis,u,III,"bovine, cattle"
bracchium,bracchiī,n,II,arm
brevitās,brevitātis,f,III,"shortness, brevity"
būbō,būbōnis,u,III,owl
caelum,caelī,n,II,"sky, heaven"
calliditās,calliditātis,f,III,"cleverness, craftiness"
calor,calōris,m,III,heat
calx,calcis,f,III,heel
camela,camelae,f,I,camel (f.)
camelus,camelī,m,II,camel (m.)
camera,camerae,f,I,"room, chamber"
campus,campī,m,II,"field, battlefield, plain"
cancer,cancrī,m,II,crab
canis,canis,u,III,dog
caper,caprī,m,II,goat (m.)
capillus,capillī,m,II,hair
capra,caprae,f,I,goat (f.)
caput,capitis,n,III,head
cariēs,cariēī,f,V-long,"decay, rot"
cāritās,cāritātis,f,III,"dearness, charity"
carmen,carminis,n,III,"song, poem"
carō,carnis,f,III,"flesh, meat"
carpus,carpī,m,II,wrist
casa,casae,f,I,"cottage, hut"
castra,castrōrum,n,II,camp
cāsus,cāsūs,m,IV,"case, instance, occasion"
catapulta,catapultae,f,I,"artillery, pike hurler"
celeritās,celeritātis,f,III,"swiftness, speed"
cēna,cēnae,f,I,"dinner, meal"
cēnsor,cēnsōris,m,III,"censor, arbiter of public morals"
cēnsus,cēnsūs,m,IV,"registry of population, count"
centuria,centuriae,f,I,century
centuriō,centuriōnis,u,III,centurion
cerebrum,cerebrī,n,II,brain
cerva,cervae,f,I,"doe, deer (f.)"
cervīx,cervīcis,f,III,neck
cervus,cervī,m,II,"buck, stag, deer (m.)"
cetus,cetī,u,II,whale
cibus,cibī,m,II,food
circus,circī,m,II,race track
cīvis,cīvis,u,III-i,citizen
clāmātiō,clāmātiōnis,f,III,act of shouting
clāmātor,clāmātōris,u,III,shouter
clārātiō,clārātiōnis,f,III,act of clarifying
clāritās,clāritātis,f,III,"clarity, clearness"
classis,classis,f,III-i,"group, rank, division, fleet"
clāvis,clāvis,f,III-i,key
clēmentia,clēmentia,f,I,mercy
cōgitātiō,cōgitātiōnis,f,III,"cogitation, act of thinking"
cōgitātor,cōgitātōris,u,III,thinker
cognitiō,cognitiōnis,f,III,"cognition, act of learning"
cohors,cohortis,f,III,"cohort, crew, regiment"
coitus,coitūs,m,IV,"going together, sexual intercourse"
collis,collis,m,III-i,hill
collum,collī,n,II,neck
color,colōris,m,III,color
columna,columnae,f,I,column
commissiō,commissiōnis,f,III,"commission, act of sending along"
commūnitās,commūnitātis,f,III,"community, commonwealth"
complūvium,complūviī,n,II,rain-diverting roof of an atrium
confectiō,confectiōnis,f,III,act of completing
coniectūra,coniectūrae,f,I,"conjecture, guesswork"
coniūnx,coniugis,u,III,spouse
cōnscientia,cōnscientiae,f,I,conscience
conscrīptiō,conscrīptiōnis,f,III,"conscription, military draft"
cōnsilium,cōnsiliī,n,II,"advice, counsel, plan"
constitūtiō,constitūtiōnis,f,III,"constitution, make-up, decision"
cōnsul,cōnsulis,u,III,"consul, chief executive"
cōnventiō,cōnventiōnis,f,III,"convention, act of coming together"
cor,cordis,n,III,heart
cornū,cornūs,n,IV,horn
corpus,corporis,n,III,body
corvus,corvī,u,II,crow
crīmen,crīminis,n,III,"crime, offense, verdict"
crūdēlitās,crūdēlitātis,f,III,cruelty
crūs,crūris,n,III,leg
crux,crucis,f,III,"cross, crossroads"
cubīculum,cubīculī,n,II,bedroom
cubitum,cubitī,n,II,elbow
culīna,culīnae,f,I,kitchen
cultūra,cultūrae,f,I,"culture, cultivation"
cūra,cūrae,f,I,"care, concern"
cūrātiō,cūrātiōnis,f,III,"curation, act of caring for"
cūrātor,cūrātōris,u,III,"caretaker, watchperson"
cursus,cursūs,m,IV,course
custōs,custōdis,u,III,"caretaker, guardian, tutor"
dea,deae,f,I,goddess
decentia,decentiae,f,I,"decency, acceptability"
dēceptiō,dēceptiōnis,f,III,deception
dēclārātiō,dēclārātiōnis,f,III,"declaration, act of making clear"
decus,decoris,n,III,"honor, distinction"
dēmentia,dēmentiae,f,I,"dementia, loss of mind"
dēns,dentium,f,III-i,tooth
dēnsitās,dēnsitātis,f,III,"density, thickness"
deus,deī,m,II,goddess
dictātor,dictātōris,u,III,"dictator, temporary military ruler"
dīctum,dīctĪ,n,II,"saying, proverb"
diēs,diēī,m,V-long,day
difficultās,difficultātis,f,III,difficulty
digitus,digitī,m,II,finger
disciplīna,disciplīnae,f,I,learning
discipula,discipulae,f,I,student (f.)
discipulus,discipulī,m,II,student (m.)
doctor,doctōris,u,III,"teacher, instructor"
doctrīna,doctrīnae,f,I,"doctrine, teaching"
dolor,dolōris,m,III,"pain, grief, suffering"
domicilium,domiciliī,n,II,homestead
domina,dominae,f,I,"mistress, lady"
dominus,dominī,m,II,"master, lord"
domus,domūs,f,IV,house
dōnātiō,dōnātiōnis,f,III,"donation, act of granting"
dōnum,dōnī,n,II,gift
dormītōrium,dormītōriī,n,II,"dormitory, room for sleeping"
dorsum,dorsī,n,II,back (of a person or animal)
ductiō,ductiōnis,f,III,act of leading
dulcēdō,dulcēdinis,f,III,sweetness
dulcitās,dulcitātis,f,III,sweetness
dūritia,dūritiae,f,I,hardness
dux,ducis,u,III,"leader, chief"
elephantus,elephantī,m,II,elephant
elephās,elephantis,u,III,elephant
equa,equae,f,I,mare
eques,equitis,u,III,"horseman, knight"
equitātiō,equitātiōnis,f,III,act of riding a horse
equitātus,equitātūs,m,IV,cavalry
equus,equī,m,II,horse
error,errōris,m,III,"wandering, mistake"
ēsuriēs,ēsuriēī,f,V-long,hunger
Eurus,Eurī,m,II,"east, east wind"
exercitus,exercitūs,m,IV,army
experientia,experientiae,f,I,"trial, experience"
experīmentum,experīmentī,n,II,"trial, experience"
fābula,fābulae,f,I,story (fictional)
faciēs,faciēī,f,V-long,"face, surface"
facilitās,facilitātis,f,III,"facility, ease"
factum,factī,n,II,deed
facultās,facultātis,f,III,"ability, opportunity"
falcō,falcōnis,u,III,falcon
fāma,fāmae,f,I,"fame, reputation"
famīlia,famīliae,f,I,family
fātum,fātī,n,II,"fate, destiny"
faucēs,faucium,f,III-i,jaws
favor,favōris,m,III,"favor, good will, support"
fēlēs,fēlis,u,III-i,cat
fēmina,fēminae,f,I,woman
femur,femoris,n,III,thigh
fētus,fētūs,m,IV,"offspring, produce"
fīlia,fīliae,f,I,daughter
fīlius,fīliī,m,II,son
fīnēs,fīnium,m,III-i,territory
fīnis,fīnis,m,III-i,"end, border, boundary"
flāvēdō,flāvēdinis,f,III,yellowness
flōs,flōris,m,III,flower
flūmen,flūminis,n,III,river
fōns,fontis,m,III-i,"fountain, spring"
forma,formae,f,I,"form, shape"
formātiō,formātiōnis,f,III,"formation, act of forming"
fortitūdō,fortitūdinis,f,III,"bravery, courage"
fōrum,fōrī,n,II,"forum, marketplace"
frāctiō,frāctiōnis,f,III,"fraction, act of breaking"
frāctūra,frāctūrae,f,I,"break, crack"
frater,fratris,m,III,brother
frigor,frigōris,m,III,coldness
frūctus,frūctūs,m,IV,"fruit, result"
frūmentum,frūmentī,n,II,grain
fuga,fugae,f,I,"flight, escape"
functiō,functiōnis,f,III,"function, act of performing"
fundus,fundī,m,II,farm
fūr,fūris,u,III,thief
gallīna,gallīnae,f,I,hen
gallus,gallī,m,II,"cock, rooster"
gaudium,gaudiī,n,II,joy
gelū,gelūs,n,IV,ice
gena,genae,f,I,cheek
gēns,gentis,f,III-i,"clan, family, tribe"
genū,genūs,n,IV,knee
genus,generis,n,III,"kind, type"
gladiātor,gladiātōris,u,III,"gladiator, swordsman"
gladius,gladiī,m,II,sword
glōria,glōriae,f,I,glory
gradus,gradūs,m,IV,step
grāmen,grāminis,n,III,"grass, herb"
grātia,grātiae,f,I,"grace, pleasantness, gratitude"
grāvitās,grāvitātis,f,III,"gravity, heaviness, seriousness"
gregātiō,gregātiōnis,f,III,act of assembling
grex,gregis,f,III,"herd, flock, group"
habitātiō,habitātiōnis,f,III,"habitation, act of dwelling"
habitiō,habitiōnis,f,III,"habit, act of having"
harēna,harēnae,f,I,"sand, dust"
haruspex,haruspicis,u,III,"priest, examiner of animals' entrails"
hasta,hastae,f,I,spear
hiems,hiemis,f,III,winter
histōria,histōriae,f,I,"story, account"
homō,hominis,u,III,"person, human being, man"
honor,honōris,m,III,honor
hōra,hōrae,f,I,hour
hōrologium,hōrologiī,n,II,clock
horror,horrōris,m,III,"horror, quaking"
hospes,hospitis,u,III,"guest, host"
hostis,hostis,u,III-i,"enemy, foe"
humānitās,humānitātis,f,III,humanity
humiditās,humiditātis,f,III,"humidity, moisture"
humilitās,humilitātis,f,III,"humility, lowliness"
iānua,iānuae,f,I,door
īdūs,īduum,f,IV,"ides, 13th or 15th of a month"
iecur,iecoris,n,III,liver
ientāculum,ientāculī,n,II,breakfast
ignis,ignis,m,III-i,fire
ignitiō,ignitiōnis,f,III,"ignition, act of setting afire"
impedīmenta,impedīmentōrum,n,II,"baggage, equipment"
impedīmentum,impedīmentī,n,II,hindrance
imperātor,imperātōris,u,III,"commander, general, emperor"
imperium,imperiī,n,II,"power, authority, empire"
implūvium,implūviī,n,II,rain basin
inceptiō,inceptiōnis,f,III,"inception, act of beginning"
incola,incolae,u,I,inhabitant
index,indicis,m,III,"pointer, index finger"
īnfāns,īnfantis,u,III-i,"infant, child"
īnfēlīcitās,īnfēlīcitātis,f,III,unhappiness
inimīcitia,īnfēlīcitātis,f,I,unfriendliness
inīquitās,inīquitātis,f,III,"inequality, injustice"
instructiō,instructiōnis,f,III,"instruction, act of building"
īnsula,īnsulae,f,I,"island, tenement house"
integritās,integritātis,f,III,"integrity, wholeness"
inventiō,inventiōnis,f,III,"discovery, act of finding"
iocus,iocī,m,II,"joke, jest"
īra,īrae,f,I,"wrath, anger"
iter,itineris,n,III,"journey, march"
iūdex,iūdicis,u,III,"judge, lawgiver"
iūgum,iūgī,n,II,yoke
iūrātiō,iūrātiōnis,f,III,act of swearing an oath
iūs,iūris,n,III,"civil right, law"
iussiō,iussiōnis,f,III,act of ordering
iūstitia,iūstitiae,f,I,"justice, fairness"
iuventūs,iuventūtis,f,III,youth
kalendae,kalendārum,f,I,"Kalends, first of a month"
labium,labiī,n,II,lip
lābor,lābōris,m,III,"work, suffering"
lāborātiō,lāborātiōnis,f,III,act of working
lāborātor,lāborātōris,u,III,worker
lac,lactis,n,III,milk
lacus,lacūs,f,IV,"lake, pond"
laetitia,laetitiae,f,I,happiness
lapis,lapidis,m,III,stone
lāpsus,lāpsūs,m,IV,"lapse, fall"
largītiō,largītiōnis,f,III,"largesse, generosity"
lātitūdō,lātitūdinis,f,III,width
latus,lateris,n,III,"side, flank"
laudātiō,laudātiōnis,f,III,act of praising
laudātor,laudātōris,u,III,praiser
laus,laudis,f,III,praiser
lavātōrium,lavātōriī,n,II,washroom
leaena,leaenae,f,I,lioness
lectiō,lectiōnis,f,III,"act of reading, act of gathering"
lectus,lepus,m,II,"bed, couch"
lēgātus,lēgātī,u,II,"lieutenant, envoy"
legiō,legiōnis,f,III,"legion, military division"
lēns,lentis,f,III-i,lentil
leō,leōnis,m,III,lion
leopardus,leopardī,m,II,leopard
lepus,leporis,u,III,"hare, rabbit"
levātiō,levātiōnis,f,III,act of lifting
levitās,levitātis,f,III,"levity, lightness, unseriousness"
lēx,lēgis,f,III,law
liber,librī,m,II,book
līberātiō,līberātiōnis,f,III,"liberation, act of freeing"
līberātor,līberātōris,u,III,liberator
lībertās,lībertātis,f,III,"liberty, freedom"
librārium,librāriī,n,II,"library, book room"
licentia,licentiae,f,I,"license, liberties taken"
līmen,līminis,n,III,threshold
lingua,linguae,f,I,"tongue, language"
lītus,lītoris,n,III,shore of a lake or sea
locātiō,locātiōnis,f,III,"location, act of placing"
locātor,locātōris,u,III,locator
locus,locī,m,II,place
locūtiō,locūtiōnis,f,III,"locution, act of speaking"
longinquitās,longinquitātis,f,III,distance
longitūdō,longitūdinis,f,III,length
lūdus,lūdī,m,II,"game, school"
lūmen,lūminis,n,III,"light, ray of light"
lupa,lupae,f,I,wolf (f.)
lupus,lupī,m,II,wolf (m.)
lūx,lūcis,f,III,light
magister,magistrī,m,II,"teacher, master"
magistra,magistrae,f,I,"teacher, mistress"
magistrātus,magistrātūs,m,IV,"magistrate, magistracy"
magnitūdō,magnitūdinis,f,III,"magnitude, greatness"
malitia,malitiae,f,I,"wickedness, ill will"
manipulus,manipulī,m,II,"maniple, handful, military platoon"
mānsiō,mansiōnis,f,III,"dwelling, act of staying"
manus,manūs,f,IV,hand
mare,maris,n,III-i,sea
mater,matris,f,III,mother
mathēmatica,mathēmaticae,f,I,mathematics
matrīmōnium,matrīmōniī,n,II,marriage
medicīna,medicīnae,f,I,medicine
mel,mellis,n,III,honey
memōria,memōriae,f,I,memory
mendācium,mendāciī,n,II,"lying, falsehood"
mēns,mentis,f,III-i,mind
mēnsis,mēnsis,m,III-i,month
mēnsūra,mēnsūrae,f,I,measurement
mentum,mentī,n,II,chin
mercātor,mercātōris,u,III,"merchant, businessperson"
mercātus,mercātūs,m,IV,"trade, business"
merīdiēs,merīdiēī,m,V-long,"noon, midday, south"
mīles,mīlitis,u,III,soldier
mīlia,mīlium,n,III-i,thousands
miseria,miseriae,f,I,"misery, sadness"
missiō,missiōnis,f,III,"mission, act of sending"
modus,modī,m,II,"method, manner, way"
mollitia,mollitiae,f,I,softness
monitiō,monitiōnis,f,III,"monition, act of warning"
mōnstrātiō,mōnstrātiōnis,f,III,act of showing
mōnstrātor,mōnstrātōris,u,III,one who shows
mora,morae,f,I,delay
mors,mortis,f,III-i,death
mōs,mōris,m,III,"custom, habit, behavior"
mōtiō,mōtiōnis,f,III,"motion, act of moving"
mūla,mūlae,f,I,mule (f.)
multitūdō,multitūdinis,f,III,"crowd, great number"
mūlus,mūlī,m,II,mule (m.)
mūnitiō,mūnitiōnis,f,III,"munition, act of fortifying"
mūrus,mūrī,m,II,wall
mūs,mūris,u,III,mouse
mūsculus,mūsculī,m,II,"muscle, little mouse"
mūsica,mūsicae,f,I,"music, musician (f.)"
mūsicus,mūsicī,u,II,musician (m.)
narrātiō,narrātiōnis,f,III,"narration, act of telling or relating"
narrātor,narrātōris,u,III,"narrator, storyteller"
nāsus,nāsī,m,II,nose
natātiō,natātiōnis,f,III,act of swimming
natātor,natātōris,u,III,swimmer
nātūra,nātūrae,f,I,nature
nātus,nātūs,m,IV,birth
nauta,nautae,u,I,sailor
nāvigātiō,nāvigātiōnis,f,III,"navigation, act of sailing"
nāvigātor,nāvigātōris,u,III,"navigator, sailor"
nāvis,nāvis,f,III-i,"ship, boat"
negātiō,negātiōnis,f,III,"negation, act of denying"
negātor,negātōris,u,III,denier
negōtium,negōtiī,n,II,"business, lack of leisure"
nepōs,nepōtis,u,III,"grandchild, nephew, niece"
nigrēdō,nigrēdinis,f,III,blackness
nix,nivis,f,III,snow
nōmen,nōminis,n,III,"name, clan name"
nōminātiō,nōminātiōnis,f,III,"nomination, act of naming"
nōminātor,nōminātōris,u,III,"nominator, one who names"
nōnae,nōnārum,f,I,"Nones, 5th or 7th of a month"
novātiō,novātiōnis,f,III,act of making new
nōx,noctis,f,III-i,night
nūmen,nūminis,n,III,"nod of the head, divine spirit"
numerātiō,numerātiōnis,f,III,act of counting
numerātor,numerātōris,u,III,one who counts
numerus,numerī,m,II,number
nūntia,nūntiae,f,I,messenger (f.)
nūntiātiō,nūntiātiōnis,f,III,"announcement, act of announcing"
nūntiātor,nūntiātōris,u,III,announcer
nūntius,nūntiī,m,II,messenger (m.)
nux,nucis,f,III,nut
oblītiō,oblītiōnis,f,III,act of forgetting
oblīvium,oblīviī,n,II,forgetfulness
obscūritās,obscūritātis,f,III,"obscurity, darkness"
occāsiō,occāsiōnis,f,III,"occasion, act of falling or happening"
occidēns,occidentis,m,III-i,"west, toward the setting sun"
occupātiō,occupātiōnis,f,III,"occupation, act of seizing"
oceānus,oceānī,m,II,ocean
oculus,oculī,m,II,eye
olīva,olīvae,f,I,"olive, olive tree"
ōmen,ōminis,n,III,"omen, foretelling, providence"
onus,oneris,n,III,"burden, responsibility"
opifex,opificis,u,III,"worker, craftsperson"
oppidum,oppidī,n,II,"town, walled municipality"
opus,operis,n,III,"work, completed work, task"
ōrātiō,ōrātiōnis,f,III,"oration, act of paying"
ōrātor,ōrātōris,u,III,"orator, pleader, one who prays"
ōrdinātiō,ōrdinātiōnis,f,III,"ordination, act of placing in order"
ōrdinātor,ōrdinātōris,u,III,one who places in order
ōrdō,ōrdinis,m,III,"order, rank"
oriēns,orientis,m,III-i,"east, toward the rising sun"
ōs,ōris,n,III,mouth
ōsculum,ōsculī,n,II,kiss
ōtium,ōtiī,n,II,"leisure, laziness"
ovis,ovis,f,III-i,"sheep, ewe"
ovum,ovī,n,II,egg
pānis,pānis,m,III-i,bread
parātiō,parātiōnis,f,III,act of preparing
pārs,partis,f,III-i,"part, direction"
partītiō,partītiōnis,f,III,"partition, act of dividing"
parvitās,parvitātis,f,III,smallness
passer,passeris,u,III,sparrow
passus,passús,m,IV,"pace, two steps"
pastor,pastōris,u,III,shepherd
pater,patris,m,III,father
patientia,patientiae,f,I,"patience, suffering, enduring"
patria,patriae,f,I,"fatherland, native country"
paupertās,paupertātis,f,III,"poverty, poorness"
pāvō,pāvōnis,u,III,peafowl
pāx,pācis,f,III,peace
pectus,pectoris,n,III,"chest, breast"
pecūnia,pecūniae,f,I,money
pedes,peditis,u,III,"foot-soldier, infantry"
pellis,pellis,f,III-i,"pelt, hide, fur"
penna,pennae,f,I,"feather, pen"
pēs,pedis,m,III,foot
philosophia,philosophiae,f,I,philosophy
philosophus,philosophī,u,II,philosopher
pictūra,pictūrae,f,I,"picture, painting"
pīlum,pīlī,n,II,javelin
pinguitia,pinguitiae,f,III,plumpness
pīnus,pīnūs,f,IV,pine tree
pīrāta,pīrātae,u,I,pirate
piscīna,piscīnae,f,I,"pool, fish pond"
piscis,piscis,u,III-i,fish
plētiō,plētiōnis,f,III,act of filling
pluvia,pluviae,f,I,rain
poena,poenae,f,I,punishment
poēta,poētae,u,I,poet
politicus,politicī,u,II,politician
pollex,pollicis,m,III,thumb
pōns,pontis,m,III-i,bridge
pontifex,pontificis,u,III,"priest, bridge-maker"
populus,populī,m,II,"people, nation"
porca,porcae,f,I,sow
porcus,porcī,m,II,hog
porta,portae,f,I,gate
portātiō,portātiōnis,f,III,act of carrying
potentia,potentiae,f,I,"power, ability"
potestās,potestātis,f,III,"power, authority"
praemium,praemiī,n,II,reward
prandium,prandiī,n,II,lunch
prex,precis,f,III,prayer
prīnceps,prīncipis,u,III,"chief, prince, emperor"
proelium,proeliī,n,II,battle
profunditās,profunditātis,f,III,"profundity, depth"
prōgeniēs,prōgeniēī,f,V-long,"offspring, descendants"
prōgenitor,prōgenitōris,m,III,"progenitor, ancestor (m.)"
prōgenitrīx,prōgenitrīcis,f,III,"progenitor, ancestor (f.)"
prohibitiō,prohibitiōnis,f,III,"prohibition, act of preventing"
propinquitās,propinquitātis,f,III,nearness
prōscrīptiō,prōscrīptiōnis,f,III,"proscription, act of banning"
prōvincia,prōvinciae,d,I,province
psittacus,psittacī,u,II,parrot
pūblicitās,pūblicitātis,f,III,"publicity, publicness"
puella,puellae,f,I,girl
puer,puerī,m,II,boy
pugna,pugnae,f,I,fight
pugnācitās,pugnācitātis,f,III,"pugnacity, inclination to fight"
pulchritūdō,pulchritūdinis,f,III,"pulchritude, beauty"
pulmõ,pulmōnis,m,III,lung
pulsiō,pulsiōnis,f,III,act of pushing or driving
pūnitiō,pūnitiōnis,f,III,act of punishing
pūritās,pūritātis,f,III,"purity, cleanliness"
putātiō,putātiōnis,f,III,act of thinking or considering
quadrātus,quadrātī,m,II,square
quaestiō,quaestiōnis,f,III,"question, act of seeking"
quercus,quercūs,f,IV,oak tree
questus,questūs,m,IV,complaint
quiēs,quiētis,f,III,"quiet, rest"
rabiēs,rabiēī,f,V-long,madness
radīx,radīcis,f,III,root
rana,ranae,u,I,frog
rapiditās,rapiditātis,f,III,"rapidity, speed"
raptor,raptōris,u,III,one who seizes
rāritās,rāritātis,f,III,rarity
ratiō,ratiōnis,f,III,"plan, theory, reasoning"
rattus,rattī,u,II,rat
rēgīna,rēgīnae,f,I,queen
regiō,regiōnis,f,III,region
rena,renae,f,I,kidney
requiēs,requiēī,f,V-long,rest
rēs,reī,f,V-short,"thing, matter, affair"
responsor,responsōris,u,III,one who responds
responsum,responsī,n,II,response
rēx,rēgis,m,III,king
rīsiō,rīsiōnis,f,III,act of laughing or mocking
rīsor,rīsōris,u,III,one who laughs
rīsus,rīsūs,m,IV,laughter
rogātiō,rogātiōnis,f,III,act of asking
rogātor,rogātōris,u,III,one who asks
rōsa,rōsae,f,I,rose
rotunditās,rotunditātis,f,III,"rotundity, roundness"
rubēdō,rubēdinis,f,III,redness
rūs,rūris,n,III,"rural area, countryside"
sacerdōs,sacerdōtis,u,III,priest
sagitta,sagittae,f,I,arrow
saltātiō,saltātiōnis,f,III,act of leaping
saltātor,saltātōris,u,III,leaper
salūbritās,salūbritātis,f,III,healthfulness
salūs,salūtis,f,III,health
salūtātiō,salūtātiōnis,f,III,"salutation, act of greeting"
salūtātor,salūtātōris,u,III,one who greets
sānctitās,sānctitātis,f,III,"sanctity, holiness"
sanguis,sanguinis,m,III,blood
sānitās,sānitātis,f,III,"health, wholeness"
sapientia,sapientiae,f,I,wisdom
sapor,sapōris,m,III,flavor
saxum,saxī,n,II,rock
scelus,sceleris,n,III,"misdeed, wickedness"
scientia,scientiae,f,I,knowledge
scorpiō,scorpiōnis,u,III,scorpion
scrība,scrībae,u,I,"clerk, writer"
scrīptūra,scrīptūrae,f,I,"scripture, writing"
sculptūra,sculptūrae,f,I,sculpture
scūtum,scūti,n,II,shield
sectiō,sectiōnis,f,III,"section, act of division"
secūtiō,secūtiōnis,f,III,act of following
sella,sellae,f,I,seat
senātor,senātōris,m,III,senator (m.)
senātrīx,senātrīcis,f,III,senator (f.)
senectūs,senectūtis,f,III,old age
sēnsus,sēnsūs,m,IV,"sense, feeling"
septentriō,septentriōnis,m,III,north
sequentia,sequentiae,f,I,sequence
seriēs,seriēī,f,V-long,"row, series"
serpēns,serpentis,u,III-i,snake
serva,servae,f,I,slave (f.)
servātiō,servātiōnis,f,III,act of keeping or guarding
servātor,servātōris,u,III,one who keeps or guards
servitium,servitiī,n,II,service
servitūs,servitūtis,f,III,slavery
servus,servī,m,II,slave (m.)
sessiō,sessiōnis,f,III,"session, act of sitting"
sexus,sexūs,m,IV,"sex, gender"
siccitās,siccitātis,f,III,dryness
silva,silvae,f,I,"forest, wood"
sīmia,sīmiae,u,I,monkey
similitudō,similitudinis,f,III,"similitude, likeness"
somnolentia,somnolentiae,f,I,"somnolence, sleepiness"
somnus,somnī,m,II,sleep
soror,sorōris,f,III,sister
sōrs,sortis,f,III-i,"lot, fate"
speciēs,speciēī,f,V-long,appearance
spectāculum,spectāculī,n,II,"spectacle, show"
spectātiō,spectātiōnis,f,III,act of watching
spectātor,spectātōris,u,III,"spectator, watcher"
spērātiō,spērātiōnis,f,III,act of hoping
spēs,speī,f,V-short,hope
spīna,spīnae,f,I,"spine, thorn"
spīrātiō,spīrātiōnis,f,III,act of breathing
spīrātor,spīrātōris,u,III,one who breathes
spīritus,spīritūs,m,IV,"spirit, wind, breath"
stātiō,stātiōnis,f,III,"station, act of standing"
stātua,stātuae,f,I,statue
stātus,stātūs,m,IV,"status, standing"
stomachus,stomachī,m,II,stomach
strīx,strīgis,u,III,screech owl
structūra,structūrae,f,I,"structure, building"
strūthiō,strūthiōnis,u,III,ostrich
studium,studiī,n,II,"zeal, enthusiasm"
suāsiō,suāsiōnis,f,III,act of persuading
suāsor,suāsōris,u,III,persuader
sūs,suis,u,III,"sow, swine"
taberna,tabernae,f,I,"shop, market stall"
taedium,taediī,n,II,boredom
talus,talī,m,II,heel
tarditās,tarditātis,f,III,slowness
taurus,taurī,m,II,bull
tempestās,tempestātis,f,III,"storm, weather"
templum,templī,n,II,temple
temptātiō,temptātiōnis,f,III,"temptation, act of testing"
tempus,temporis,n,III,time
tentiō,tentiōnis,f,III,act of holding
tenuitās,tenuitātis,f,III,tenderness
tepor,tepōris,m,III,warmth
tergum,tergī,n,II,"back, rear"
terra,terrae,f,I,"land, soil, earth"
terror,terrōris,m,III,"terror, fright"
testis,testis,u,III-i,witness
testūdō,testūdinis,u,III,"tortoise, battle formation with shields overhead"
theātrum,theātrī,n,II,theatre
tībia,tībiae,f,I,"shin, flute"
tībicen,tībicinis,m,III,flute player (m.)
tībicina,tībicinae,f,I,flute player (f.)
tigris,tigridis,u,III,tiger
timor,timōris,m,III,fear
toga,togae,f,I,"toga, robe, gown"
tormentum,tormentī,n,II,"torment, torture, artillery equipment"
tortiō,tortiōnis,f,III,"torsion, act of twisting"
trāditiō,trāditiōnis,f,III,"tradition, act of handing over"
tranquillitās,tranquillitātis,f,III,"tranquility, calmness"
tribūnus,tribūnī,m,II,"tribune, tribal representative"
tribus,tribūs,m,IV,tribe
trīclinium,trīcliniī,n,II,dining room
trīnitās,trīnitātis,f,III,"trinity, group of three"
tūnica,tūnicae,f,I,"tunic, long shirt"
turpitūdō,turpitūdinis,f,III,"turpitude, ugliness, shamefullness"
ultiō,ultiōnis,f,III,act of avenging
ultor,ultōris,u,III,avenger
umerus,umerī,m,II,shoulder
unguis,unguis,m,III-i,"fingernail, toenail"
ūnitās,ūnitātis,f,III,"unity, oneness"
urbs,urbis,f,III-i,city
ursa,ursae,f,I,bear (f.)
ursus,ursī,m,II,bear (m.)
ūsus,ūsūs,m,IV,"use, experience"
uterus,uterī,m,II,"uterus, womb"
ūtilitās,ūtilitātis,f,III,"utility, usefulness"
uxor,uxōris,f,III,user
vacca,vaccae,f,I,cow
validitās,validitātis,f,III,"validity, strength, well-being"
vallēs,vallis,f,III-i,valley
vehiculum,vehiculī,n,II,"vehicle, cart, wagon"
vēlōcitās,vēlōcitātis,f,III,"velocity, swiftness"
vēna,vēnae,f,I,vein
venter,ventris,m,III,"belly, front of the torso"
vēr,vēris,n,III,springtime
verbum,verbī,n,II,word
vēritās,vēritātis,f,III,"verity, truth"
versiõ,versiōnis,f,III,"version, act of turning"
vetustās,vetustātis,f,III,old age
via,viae,f,I,"road, way"
victor,victōris,u,III,"victor, winner"
victōria,victōriae,f,I,victory
vīctus,vīctūs,m,IV,"victuals, foodstuffs"
vīcus,vīcī,m,II,village
vigil,vigilis,u,III,watchperson
vīlla,vīllae,f,I,"farmhouse, mansion, estate"
vinculum,vinculī,n,II,"chain, manacle, binding"
vīnum,vīnī,n,II,wine
vir,virī,m,II,man
virgō,virginis,f,III,"virgin, young girl"
virtūs,virtūtis,f,III,"courage, manliness"
vīsiō,vīsiōnis,f,III,"vision, act of seeing"
vīsor,vīsōris,u,III,one who sees
vīta,vītae,f,I,life
vocātiō,vocātiōnis,f,III,"vocation, act of calling"
vocātor,vocātōris,u,III,caller
volūmen,volūminis,n,III,"volume, scroll"
voluntās,voluntātis,f,III,"free will, desire"
voluptās,voluptātis,f,III,"pleasure, delight"
vōx,vocis,f,III,voice
vulnerātiō,vulnerātiōnis,f,III,act of wounding
vulnus,vulneris,n,III,wound
vulpēs,vulpis,u,III-i,fox
vultur,vulturis,u,III,vulture
vultus,vultūs,m,IV,"face, countenance"
Zephyrus,Zephyrī,m,II,"Zephyr, west, west wind"